id,price
0,64.16049059284177
1,116.2181556313646
2,73.86126207998481
3,244.10216917570932
4,257.7806347285914
5,97.28566438250012
6,68.92323752841614
7,29.407589512649977
8,114.2537651793161
9,69.52093233396945
10,57.82906533292926
11,161.1952448195849
12,56.48652595775786
13,195.4168347229965
14,95.34653966203703
15,616.2495593214683
16,76.55788986006233
17,50.18477959215953
18,98.43696086509415
19,64.57134569810586
20,47.56976493491712
21,55.57856306415857
22,77.03031865493642
23,77.85308263661622
24,63.586851919194224
25,47.56189086021044
26,48.26505388217612
27,73.48855880377978
28,47.579820529082774
29,24.656810795082237
30,140.34703036274115
31,236.1485882992252
32,125.39654011105378
33,48.86679470651531
34,47.42472158578969
35,148.6169265852999
36,90.2241071205725
37,86.57949841776163
38,119.79854047865973
39,120.43956845617892
40,38.51055375654937
41,97.65392163788266
42,51.51946682339671
43,59.48916466691726
44,130.6741557925281
45,52.193657174622004
46,46.881027287025375
47,69.45472738000942
48,48.77053709291272
49,50.76236343032956
50,89.61590583161926
51,320.9895024154209
52,49.57958240429193
53,77.82210978954495
54,48.23107622370533
55,60.34568861691303
56,161.20967763501682
57,74.8665272932735
58,69.53897615476247
59,73.67731760062975
60,94.36789344217699
61,46.71688834433821
62,64.88600920955766
63,103.4978229483085
64,138.472963469616
65,382.3352217889297
66,34.69427368227086
67,51.72456868586398
68,69.22493059266822
69,419.6446171711437
70,101.17612196350001
71,133.16728060333247
72,52.896261597712424
73,329.15805779662367
74,68.41311874402564
75,334.9188073169394
76,71.23673233213907
77,109.56139289249313
78,160.93563861162903
79,57.024065216745115
80,217.07331324010403
81,36.9115341451228
82,36.9444074332565
83,357.2914207406151
84,238.20859449406146
85,44.761359296953444
86,72.20453226538093
87,55.014047537711114
88,100.70376844707293
89,62.20506109404323
90,46.12797394092155
91,74.43116214490915
92,59.77067736760003
93,41.14292503371537
94,57.70301514944987
95,80.64247328593974
96,355.25566947477125
97,73.40659753065053
98,61.50816156517598
99,78.41753140396382
100,72.44595350300993
101,489.38337628313343
102,73.46548219091832
103,140.89640973572335
104,52.41824256914201
105,72.84174271250815
106,52.193657174622004
107,81.28899329369501
108,56.026449431425064
109,68.78171072047874
110,54.75376642925115
111,78.52223025946502
112,55.37075477857991
113,63.28234909914115
114,125.2541594360647
115,156.7144070057347
116,585.3672947250179
117,68.92323752841614
118,41.167836912758155
119,240.48609995717015
120,70.5188828666465
121,76.28128456446753
122,234.5754673665051
123,89.45844269589242
124,41.829438137183544
125,47.81113236767867
126,64.90843229777713
127,105.7627374993991
128,178.04628411262527
129,56.0882639489788
130,65.88002063560742
131,391.0520764359783
132,82.96014432179703
133,47.27002278093275
134,197.1220491439219
135,166.37925876816257
136,125.37843142193816
137,242.01980522931922
138,42.85203174909128
139,52.731137321631024
140,50.63908067880614
141,604.4286655720409
142,498.5352676528131
143,63.77310893945154
144,151.40419483186037
145,94.56895426140062
146,88.75619282580749
147,74.10438940471411
148,121.46904002775788
149,305.80093137343147
150,80.3323816273809
151,107.32222586525707
152,93.55614541174033
153,107.46223468987152
154,32.61244158593377
155,55.51023935726623
156,62.424137147936364
157,50.95565137910467
158,47.55726047312393
159,133.48676227134592
160,54.55980817956551
161,65.76706024100218
162,96.22539035272466
163,114.3435777531565
164,142.10840857163907
165,98.69118829085684
166,46.37509906736099
167,45.754691307938764
168,100.5521417702395
169,68.65144478709054
170,278.8529621467326
171,111.35854612323776
172,54.07799889731072
173,57.449668211435565
174,204.1068309448297
175,91.79322551856788
176,406.1704204667795
177,58.312202255596645
178,469.8745780203862
179,77.21968305299899
180,86.150994936871
181,184.40436931186804
182,126.57797965507908
183,52.36015582238451
184,35.23581888622867
185,41.5741411880001
186,73.98012592003
187,99.09294326349415
188,116.50700969658618
189,117.85372361380021
190,71.70619447163176
191,47.0660353451739
192,84.95663026644141
193,79.2236176941251
194,49.18494528639335
195,66.11937405975128
196,470.2515026192537
197,64.70776538439229
198,52.86749977297072
199,502.7858451374514
200,31.779682356011378
201,87.27288853934863
202,51.79482641539214
203,128.60489664915258
204,42.4615392933663
205,378.1111701476294
206,130.7051345967655
207,113.26509428831864
208,47.744071127663844
209,81.28899329369501
210,55.87088812440709
211,115.6914564651849
212,115.21846936824204
213,100.83977589815977
214,98.6333676884245
215,125.80077157734289
216,56.41507805489084
217,118.7943531471887
218,74.12831231435672
219,55.55003593965684
220,70.19122651801617
221,32.45681281019198
222,303.5097557160277
223,295.8333772635868
224,47.614551892171704
225,403.8265823396605
226,50.76597405625624
227,74.83417286029518
228,222.8487592965439
229,76.75283420986798
230,58.078341510697356
231,219.749291968664
232,266.8955467696117
233,99.34980130448545
234,55.65656301712569
235,47.21389116501259
236,153.243025952874
237,262.7030492091858
238,61.646495196125144
239,161.10503648942355
240,10.359484900909905
241,58.689546726392194
242,84.40336221025893
243,408.1544754014655
244,335.28592742693735
245,479.9371310299381
246,51.87126144153247
247,66.48915432396822
248,72.64036042315426
249,116.51821107653271
250,1014.7850547075406
251,89.90023443882934
252,118.90567045584747
253,53.29902452265233
254,55.136525271789516
255,105.75187233326497
256,350.35835343959934
257,68.44479364446686
258,64.57134569810586
259,50.49992739499965
260,107.53587396102483
261,127.96025490295278
262,70.86297595713177
263,73.10860767588247
264,37.145559966819405
265,540.7536661805851
266,45.597385008754486
267,51.44357521834105
268,78.9341297795813
269,58.563138183668386
270,47.32053238917854
271,296.75679381196153
272,51.776558002007064
273,101.29381305066848
274,44.93658889419066
275,56.53763285628391
276,44.305837829123064
277,41.53603235691787
278,65.0358422441955
279,51.226293630603166
280,57.965788378122895
281,85.94921628009894
282,83.87928260243788
283,63.76904710798471
284,46.280170093162795
285,76.00556064728477
286,61.9730511809629
287,87.6950101536568
288,91.77207426381533
289,313.9414619948002
290,79.69506804396639
291,68.78171072047874
292,122.36251002463845
293,62.042974298412915
294,209.94557151416626
295,85.86735730267563
296,54.66975574810052
297,81.12079351282232
298,156.7144070057347
299,26.636390681354897
300,106.27768243811684
301,122.41988879156327
302,304.6777013705262
303,79.14946796393552
304,153.2435486052529
305,149.6182142499108
306,64.05625049051434
307,75.39309900877866
308,190.47522158827127
309,204.22214580653292
310,42.9165150778033
311,71.45132564723986
312,52.79413450620092
313,270.59069830447504
314,56.28512756054386
315,151.2587678686558
316,44.93239511066429
317,52.86749977297072
318,57.59259142122281
319,41.6768249287965
320,63.431141530831425
321,275.0452069098986
322,122.70404719644424
323,140.9153004818473
324,1088.019917580299
325,54.26296141914699
326,80.85640628761291
327,37.66322502085134
328,502.15647177883454
329,289.871476053418
330,1234.1771833220469
331,45.48997191945344
332,82.21715985170584
333,53.75310670676879
334,337.13217084757616
335,63.713702710696865
336,106.70822861935068
337,64.70776538439229
338,48.90762244429947
339,124.56180370309431
340,52.89515104042238
341,74.50655059966033
342,76.29680589266123
343,31.11265177240442
344,57.80854275668962
345,127.61207613978924
346,98.3253185011599
347,55.97763890112894
348,156.859110390857
349,49.47041741860829
350,67.34226880349112
351,176.6420513097639
352,66.94554304016148
353,60.534975405076096
354,305.4210555960865
355,45.75566887359798
356,107.32222586525707
357,52.63085645689911
358,38.373666800397686
359,203.9295851323837
360,64.86551531563526
361,67.17594185014745
362,100.29237521745176
363,88.74849781611715
364,42.245118646099854
365,70.48346941438639
366,67.86150431721126
367,42.37943930512932
368,92.9515362171555
369,112.66364457607078
370,72.51197644833128
371,55.57856306415857
372,54.66350648862101
373,473.6886740942762
374,39.64835040515214
375,73.03105063478073
376,46.08397424199731
377,66.65804393334227
378,29.407589512649977
379,50.156975411499886
380,148.73809273211094
381,143.6032812033556
382,44.60031193339294
383,55.40304252685868
384,90.16654958932023
385,34.95634092607177
386,104.421058254693
387,102.45998607072546
388,349.36144500377293
389,118.74797756236535
390,156.39543293491596
391,58.54300880541419
392,64.70239085393982
393,92.12025776073195
394,77.02408577468911
395,55.42435292432404
396,353.53033786677804
397,53.288561154656875
398,50.743427416448874
399,42.845498364696226
400,49.51114061144372
401,529.331400253043
402,48.09315711818283
403,64.57134569810586
404,43.872496344834595
405,51.756126203000115
406,45.2613385590056
407,213.17512249267878
408,84.4727784548582
409,222.6798785021062
410,183.47454213908364
411,139.31920120064146
412,200.60914268312365
413,65.63100970709291
414,369.6648341596873
415,58.87557279893068
416,48.02602706471066
417,360.23802927532773
418,260.4417578873481
419,76.98141074970131
420,70.22402552588923
421,25.736551308745746
422,52.45258904589008
423,135.7421960552035
424,259.2889452209005
425,202.71285156520435
426,110.25151832794711
427,53.4698359049243
428,161.06908628721067
429,40.29973997709229
430,17.475489800551365
431,211.14036495439314
432,58.43994341832743
433,35.152569266958324
434,86.56439695819034
435,372.80943390820477
436,87.07756614035233
437,36.10441917786912
438,182.33248017979292
439,48.44530653367893
440,778.8585425927932
441,68.29431624608536
442,79.79568408062201
443,107.96740658568854
444,175.6404768602698
445,44.52171690616387
446,50.31665551789756
447,46.606456760961805
448,70.37786992979449
449,94.4525542597927
450,50.79669237693251
451,68.78171072047874
452,60.43255958323738
453,88.07731529154306
454,54.31169236093372
455,433.5851294147032
456,56.28512756054386
457,183.74130108988857
458,67.04943623315756
459,50.52646886354481
460,45.67269194480614
461,58.892922226509455
462,65.16913652258089
463,35.78173533697869
464,72.90128408498306
465,205.75580976166353
466,45.892691228237574
467,68.52911314078362
468,431.59671461659303
469,102.45538022350624
470,189.53565051425522
471,69.61653699041972
472,64.16049059284177
473,31.132036091005276
474,15.190242941609341
475,53.994671410354954
476,80.94458903015381
477,79.36136022502608
478,332.39903707995114
479,72.2004777763979
480,42.60584391079157
481,97.18371872611874
482,48.824179590477335
483,94.36789344217699
484,114.29218779742556
485,110.96519707775745
486,94.45492908379724
487,50.29544900950185
488,90.35531882924559
489,47.05008850409879
490,433.5851294147032
491,43.02214852714951
492,93.60120195438952
493,58.508197932900764
494,58.77746264179591
495,117.881019768022
496,72.95878436267708
497,143.5839112510327
498,349.35729973695
499,44.93103223291702
500,45.83056305469257
501,1096.5846388793966
502,150.9912596492581
503,101.12727041967106
504,52.86749977297072
505,49.932792740451404
506,47.64776657262536
507,78.41753140396382
508,44.12147401141189
509,41.84352179592413
510,188.67137674608296
511,64.39378593024878
512,482.87292255681405
513,55.855268540985904
514,417.35110281683546
515,232.3167908562388
516,117.33956639771066
517,92.21080388514113
518,293.157854350542
519,471.45147247211094
520,51.102302521906054
521,220.02546824460404
522,39.777436420426824
523,284.701160128333
524,65.01383741129948
525,84.11454614822624
526,292.80220135485064
527,359.66926413436147
528,130.07753693575327
529,702.9913561904158
530,57.92060465944685
531,48.939513894513446
532,66.91508628524576
533,694.01458105364
534,59.50690508702
535,45.88425874716776
536,59.696163686284265
537,54.02304812944724
538,118.7943531471887
539,117.07527355902593
540,308.15651485244075
541,169.44997919329666
542,41.1818353950782
543,69.85664700446446
544,141.4763861727029
545,92.27942099324196
546,100.9653159554929
547,68.44413460967084
548,103.6592447294017
549,95.36893233830654
550,74.03384851281089
551,614.4767478255184
552,156.23382578745645
553,117.72205478843256
554,73.36567289105939
555,382.07670103862534
556,41.275006531030954
557,44.14696700454073
558,143.8997164704186
559,322.9027513137535
560,54.14115058165248
561,65.40449149609712
562,52.19754801369029
563,119.97610403809868
564,47.91545433091892
565,74.38854123942988
566,89.82008668841017
567,40.008884284291995
568,105.122800827474
569,91.40204957262122
570,91.17994430160425
571,53.65005390314232
572,38.70487991569577
573,63.1060135335848
574,77.89388255458691
575,60.82947009761462
576,97.22870972906065
577,68.46935272584336
578,62.86030484950557
579,68.92323752841614
580,38.874345382091974
581,479.9371310299381
582,66.2993670515769
583,53.71553903053747
584,214.6381867252992
585,57.323660690615
586,70.52992852108996
587,85.31095720798167
588,88.88741033470929
589,60.08280421636137
590,59.69494279326022
591,83.1172619832963
592,91.8092733900869
593,35.51784082332892
594,114.14306936685415
595,105.22642141169568
596,64.57134569810586
597,94.98249173344212
598,117.3471459957438
599,39.5650300903759
600,278.6382487366568
601,55.05599485565399
602,42.67600897757834
603,161.1952448195849
604,52.14730919481191
605,619.2101025672875
606,66.34589710283927
607,117.87467185457353
608,1818.894017854139
609,63.28359644660496
610,124.6089482535551
611,53.05723985852196
612,145.04243656981834
613,78.61560382373113
614,48.357863676747286
615,87.85302478556301
616,371.24135727918446
617,111.84548702736474
618,131.12927974706804
619,48.21082370340932
620,50.24472414887025
621,50.18477959215953
622,61.62396575217249
623,39.97439509125063
624,140.73059338398508
625,89.19368306233837
626,55.37075477857991
627,44.93304863679414
628,65.44631136796207
629,156.7144070057347
630,64.70776538439229
631,108.17938622685419
632,84.78632165761344
633,108.48111207131427
634,75.23700884205557
635,101.71997183884817
636,52.06317602232388
637,77.67059699766861
638,58.25347801911565
639,373.04923205265334
640,51.9891916069824
641,74.7085756243695
642,78.52707560966213
643,54.23580061280727
644,99.09294326349415
645,53.542992260035135
646,285.4725883095972
647,43.278128552569555
648,436.804094177645
649,52.13213325560828
650,94.3303147321588
651,643.4893069097601
652,78.9341297795813
653,63.58210744988432
654,129.15698128419808
655,240.33476955894588
656,130.95692892917583
657,54.91792765507772
658,75.87801968403947
659,82.70445271357836
660,121.66749405655293
661,91.80934276182987
662,81.57911537100337
663,45.31559060745798
664,29.407589512649977
665,135.2025383346229
666,40.36295099246365
667,59.31461092372988
668,58.230326079375295
669,61.89314602855197
670,55.763345176782224
671,102.62571921224598
672,32.20539390035913
673,131.31998245361484
674,445.474291233232
675,25.736551308745746
676,65.45229601804544
677,25.982016190075413
678,88.14631616519776
679,80.13517674920708
680,48.51983393003104
681,388.17635585485993
682,68.63508547029156
683,19.410868015706356
684,70.27991550233891
685,49.8616327895416
686,96.22539035272466
687,202.1293531657072
688,147.32707215222342
689,217.45281511424156
690,53.05312042720313
691,50.70862738168193
692,59.902954907266306
693,56.81680879958745
694,237.64348819214604
695,344.9731890383927
696,114.65047442334085
697,97.65392163788266
698,64.22312996631827
699,26.325276984610298
700,48.24338672524
701,62.14358441314097
702,66.61584877082444
703,131.232155546699
704,168.54349012996022
705,195.4168347229965
706,80.7741192766097
707,85.97387295229264
708,73.91872756959106
709,59.76732820480353
710,55.63734375274744
711,48.57365344958737
712,45.67708444401478
713,48.6222652695665
714,56.717106800985405
715,76.76310384477691
716,133.28869859143026
717,64.57134569810586
718,81.00352805717989
719,81.33371746338588
720,54.55980817956551
721,78.83856295062718
722,121.65879839331232
723,42.37943930512932
724,107.72101939654465
725,52.427689226582245
726,51.79482641539214
727,169.71225183450554
728,55.55003593965684
729,41.18334294420846
730,267.74266986872095
731,39.99291789435684
732,42.994015521465485
733,88.60866409610367
734,48.34912384956135
735,169.37350355897433
736,57.27693956844092
737,111.05020612436978
738,382.58790896945834
739,72.84174271250815
740,73.24329364775376
741,65.61847014993154
742,85.4931745990681
743,140.03888491611625
744,53.07365872383337
745,52.66227644496563
746,179.82432568128797
747,117.5906415985047
748,75.34201907744638
749,71.12210787192049
750,83.75265037581472
751,175.6404768602698
752,54.24359021656899
753,95.51627461564209
754,301.7040927877487
755,103.28298096334301
756,75.63002142296567
757,268.87910939149543
758,89.63968898489344
759,235.755099187761
760,302.3552689488943
761,102.75055779668273
762,77.07073899147328
763,225.27851926212003
764,78.62390677313681
765,52.15243913982844
766,61.07207118737309
767,609.9655708651505
768,66.87296267807572
769,41.947708562385394
770,52.193657174622004
771,95.65567965022272
772,74.30749125594393
773,54.44411183101664
774,63.978626959494015
775,149.06447823412196
776,64.44407774410485
777,66.61584877082444
778,31.493867346622835
779,98.53197739159334
780,87.43801088226695
781,67.50583340542124
782,64.57134569810586
783,115.96576758208249
784,77.80813843738085
785,64.51025553058682
786,118.63185369310051
787,20.72922455347674
788,142.65251169493882
789,45.55078809459148
790,245.48096779772595
791,33.41630676961044
792,49.8073893070093
793,88.66026345436973
794,47.74728697613438
795,163.4224763192313
796,47.060615966833225
797,42.899661153996966
798,490.8249592156928
799,91.7194383107465
800,584.6990973704067
801,83.0839325244083
802,80.26030654107882
803,52.19754801369029
804,119.93244910331286
805,52.45258904589008
806,64.04599374187629
807,107.40516950157888
808,254.51530281099986
809,110.59554201811312
810,50.347616467323775
811,50.15319945572009
812,94.98249173344212
813,132.7770909539981
814,61.60247716985275
815,83.69801374477447
816,48.690980378402315
817,61.60247716985275
818,67.2730148247052
819,57.077649258212816
820,42.21854029382895
821,34.82585190976046
822,63.713702710696865
823,112.25430539861327
824,52.136687156694464
825,263.6352733553177
826,56.185946503812005
827,33.76302423498315
828,25.22605559171491
829,60.87171050461268
830,76.65674645776033
831,82.61568195200046
832,49.62041087431916
833,41.22350886439032
834,83.05844564920064
835,203.87988218941283
836,72.03270806212147
837,54.01637830416738
838,348.30126466561404
839,51.279309918212405
840,47.648365879351175
841,76.18801079279095
842,48.22505993128712
843,102.24807291181716
844,32.02848834650508
845,29.400305737193897
846,53.35134789270207
847,67.76436545623038
848,29.020740314739733
849,160.79433143686458
850,86.59057579154063
851,79.7978248952016
852,59.02591131548597
853,125.3496434872184
854,59.01040985282114
855,64.45711587974846
856,74.83417286029518
857,73.67731760062975
858,102.39909449560609
859,96.8041971985074
860,84.17891291447441
861,215.77951840715673
862,362.46107007327225
863,256.89139499310437
864,76.24013388953816
865,76.29618649045537
866,42.535874187505485
867,94.17704969236584
868,74.83712122381637
869,154.15688762233393
870,119.55082601132773
871,80.75497633311804
872,80.6647650818322
873,47.64776657262536
874,55.763345176782224
875,49.86054450652489
876,55.55003593965684
877,79.70687048025445
878,62.42813080942208
879,71.19315644732912
880,117.48729286550706
881,109.68870841397327
882,60.42517644036215
883,73.98012592003
884,1000.8862974574793
885,89.63225288058203
886,111.16144699789547
887,88.6142932983561
888,142.38791718174136
889,56.30266907404544
890,197.67381495012893
891,74.73935850020567
892,348.9636791619717
893,39.93609300325171
894,59.48916466691726
895,59.77067736760003
896,65.49470025357141
897,482.95014919946783
898,62.57474461574066
899,64.41165210206135
900,59.77067736760003
901,45.85894405964883
902,3129.462848700703
903,353.791718101444
904,51.18415663649029
905,156.7144070057347
906,76.3816877083166
907,64.22312996631827
908,67.91031936763633
909,112.46808512078742
910,350.23801664890254
911,41.99307405083839
912,62.778410337198984
913,54.07799889731072
914,168.54349012996022
915,58.078171658760766
916,40.1085541316262
917,57.540421447173195
918,108.39153567306855
919,37.28854462135382
920,48.76850410552528
921,109.02102003764864
922,476.78188843330105
923,187.12339500869297
924,46.322088873637426
925,43.48291658058807
926,35.597004116028145
927,444.6427477399385
928,667.0178548481205
929,317.28556265541357
930,78.66820095226646
931,855.0147667034278
932,119.89937572188526
933,61.166244505776035
934,76.95752667493639
935,53.4606815150146
936,66.02731166901287
937,148.47590977063044
938,70.59883769609381
939,57.4860195258034
940,66.01448156125142
941,77.50475744054702
942,238.967308655233
943,84.10659738181118
944,100.77095815524015
945,63.80513203579805
946,57.82996235649075
947,156.3396747638555
948,69.36426375999649
949,81.12079351282232
950,46.11873154598695
951,46.47960581281271
952,123.62302339488424
953,56.30266907404544
954,67.78153612398192
955,47.28414875291055
956,160.44245443468867
957,410.00297575674824
958,57.96163416717361
959,80.89894824534963
960,163.4703001328461
961,85.932380094048
962,91.80934276182987
963,51.7026475814107
964,360.8662104810383
965,96.56353847381342
966,289.871476053418
967,226.95266301171068
968,52.15386725044057
969,439.64568727690335
970,631.7562092700052
971,287.98457846010626
972,341.785481042989
973,30.534711899321124
974,64.98722277073605
975,52.86749977297072
976,343.91441368582605
977,41.216903832122924
978,63.76262020391118
979,217.20909673008362
980,38.70487991569577
981,113.30308834672971
982,96.89742124678155
983,113.13670841230257
984,49.39213023752808
985,236.37383407495594
986,49.932792740451404
987,469.5004683683618
988,605.7461882212468
989,65.17422163939167
990,92.45129353166412
991,49.24247290350208
992,423.7492852579434
993,53.06028749782024
994,44.12147401141189
995,64.40343553590019
996,80.94604175984782
997,59.755515944052206
998,44.26374493495899
999,66.51572607345102
1000,116.3121986964226
1001,109.24183150841303
1002,104.50979956713937
1003,49.929990933719246
1004,46.32762706016196
1005,30.3893891445206
1006,31.11265177240442
1007,26.17890325329386
1008,98.86269264773283
1009,68.44413460967084
1010,118.7943531471887
1011,84.5345203375984
1012,44.92230046246456
1013,47.102543901343815
1014,61.50048811975906
1015,63.79794601207102
1016,58.215051186487344
1017,65.01716647742744
1018,146.6946690420477
1019,133.18272146272784
1020,86.23607044780435
1021,31.645646051257643
1022,100.68556596875266
1023,213.44804261045334
1024,87.47374051982418
1025,32.77777268776378
1026,53.919152575414046
1027,90.20422766197187
1028,57.005383355261785
1029,119.35187532904725
1030,45.90937306679564
1031,236.13765422250873
1032,92.86501518837797
1033,97.6338328499416
1034,43.237140865732435
1035,111.27187120291131
1036,79.85639831802055
1037,51.635684004002286
1038,684.2528526747426
1039,403.99058631245305
1040,289.871476053418
1041,66.73402559383071
1042,48.279165487494794
1043,53.28948735914699
1044,268.20180610434346
1045,245.18808085670582
1046,50.692763178203755
1047,82.07991334502142
1048,101.2186543293945
1049,95.98734953596505
1050,56.28512756054386
1051,769.1240472059571
1052,38.85650857570859
1053,76.99622142906719
1054,29.407589512649977
1055,79.74755508710236
1056,114.38017777741085
1057,81.25303674933556
1058,76.87548936226696
1059,64.10074834038872
1060,384.7158516092742
1061,97.95033360366452
1062,93.2079375963859
1063,119.09022498680517
1064,66.76286019989764
1065,117.42308960430339
1066,56.948272244283814
1067,14619.433001573767
1068,77.59429749680251
1069,50.49296122699444
1070,46.504494588021316
1071,155.4971564910144
1072,50.80489247110863
1073,75.32984883874815
1074,185.51847418415264
1075,251.8277035169425
1076,46.86525438748051
1077,45.033946031030936
1078,161.1790768575159
1079,56.304107938931665
1080,71.94300375084113
1081,101.49981103299103
1082,58.44975678535101
1083,204.22214580653292
1084,97.22870972906065
1085,111.44870452028391
1086,55.37075477857991
1087,55.331640658054724
1088,130.77017532482392
1089,135.22181301675323
1090,497.48250630108345
1091,32.048094226129365
1092,173.85125133570608
1093,429.22532191237894
1094,200.43168975894417
1095,124.88698099733725
1096,70.46961434152325
1097,50.18477959215953
1098,69.98348343722041
1099,65.19714273950352
1100,98.3253185011599
1101,52.14997327948143
1102,64.60270894592105
1103,292.7065847742463
1104,73.40659753065053
1105,48.12253532058722
1106,988.5579698309787
1107,118.33768115569445
1108,38.00771533838402
1109,54.13641546874215
1110,77.20801014072656
1111,94.72634964522994
1112,120.0488742318064
1113,318.25301196357947
1114,52.19754801369029
1115,204.99854442686888
1116,514.4474352457028
1117,56.839731851635584
1118,57.59764062952286
1119,72.76814475597945
1120,301.1700987113803
1121,92.49839039135553
1122,110.29678028436913
1123,66.03382688932939
1124,109.46178698588707
1125,224.3750955443889
1126,49.72625449009441
1127,31.645646051257643
1128,50.539441126996095
1129,52.02370564162166
1130,63.88489169808125
1131,69.36426375999649
1132,50.16722607367541
1133,64.57134569810586
1134,164.70041826074515
1135,59.77067736760003
1136,62.87349180125952
1137,95.24537768986495
1138,65.10070217820464
1139,97.12308123384035
1140,48.02486060907058
1141,210.97732887890749
1142,475.5590423291703
1143,107.24861042688501
1144,116.05311764542843
1145,93.62125150678038
1146,59.862508599631674
1147,95.74689169547474
1148,97.47807104585972
1149,47.40233570994517
1150,38.00771533838402
1151,52.29385318991645
1152,90.62772229618226
1153,43.51065459818073
1154,79.46516988330939
1155,184.83259172786885
1156,24.130653822393967
1157,108.44896910684733
1158,34.56029740768848
1159,344.13355197199064
1160,92.57809378857618
1161,41.46839950131978
1162,489.1865873119208
1163,312.63512012433665
1164,84.0887661679516
1165,101.79995349396373
1166,133.9213216625989
1167,68.2471853546643
1168,84.21289817868794
1169,86.60843806834147
1170,487.1678075640635
1171,63.17505326391262
1172,64.24231028232032
1173,48.31649497391918
1174,99.47484619387151
1175,155.69523835082936
1176,48.66265206240692
1177,1784.240005260235
1178,57.63237349877158
1179,52.192124857794056
1180,61.814702974033125
1181,204.76544483342855
1182,57.69324353281054
1183,84.64238603945554
1184,90.22071435844205
1185,88.68991558146737
1186,86.56439695819034
1187,49.9206073797456
1188,669.2371439167238
1189,47.970069941195746
1190,52.86749977297072
1191,222.36566667390434
1192,82.07991334502142
1193,17.515801180395357
1194,51.18415663649029
1195,110.23261532476349
1196,50.020365641419346
1197,80.63960585963349
1198,66.5664572837071
1199,76.43679164753902
1200,48.73049236907097
1201,112.67018365758423
1202,64.57134569810586
1203,45.29167733449861
1204,62.609561044946744
1205,1004.6718264226221
1206,98.0376008293521
1207,57.323660690615
1208,90.12466289583588
1209,452.54156428804134
1210,67.9404301468332
1211,97.65392163788266
1212,128.34625085086748
1213,220.92049807250157
1214,58.62609762737951
1215,56.940363456158046
1216,69.7881210829795
1217,71.54990418401283
1218,108.35377586446472
1219,105.0995788676307
1220,6.209182732819187
1221,60.56334192588355
1222,56.185946503812005
1223,906.6202186667423
1224,55.95376267515995
1225,117.5906415985047
1226,63.41385624067735
1227,67.10303011016202
1228,74.8643004111775
1229,49.24247290350208
1230,71.59162732654633
1231,62.02551764002007
1232,66.94554304016148
1233,57.69942060723281
1234,178.5219387274891
1235,41.622930843405584
1236,49.6965839250923
1237,116.24236001755197
1238,35.23581888622867
1239,51.822658836945195
1240,45.43413206932449
1241,118.60067424821221
1242,80.26030654107882
1243,28.732210923875925
1244,48.77774848420591
1245,446.4968081641828
1246,48.51983393003104
1247,59.07989837599624
1248,32.81643013885788
1249,67.25701673618713
1250,202.85647889793194
1251,61.93483880047237
1252,66.6470089828556
1253,118.77811955412447
1254,54.65287570487649
1255,90.01263452130009
1256,74.43116214490915
1257,88.36010267314863
1258,171.2395302189641
1259,485.2241677597636
1260,46.46305428785966
1261,327.91066967471846
1262,65.84505206657285
1263,62.435197841241546
1264,86.799011127279
1265,381.0932216842011
1266,60.37040394395056
1267,70.6577947152147
1268,257.2205404982999
1269,20.348775049294034
1270,64.26097585432832
1271,50.89951868540756
1272,407.60857758803525
1273,60.50808158376577
1274,52.1909292863119
1275,117.9403677928154
1276,73.37561793093892
1277,64.39536238249453
1278,68.17457095403134
1279,98.06550711354842
1280,61.02961749495367
1281,57.4860195258034
1282,272.5188695675027
1283,49.94657256736275
1284,109.66043997803536
1285,258.0421831281786
1286,674.0293550620844
1287,56.28512756054386
1288,110.08975831775606
1289,959.1198497256756
1290,69.78698088774883
1291,39.171283766693364
1292,97.4832449470365
1293,49.49470631087776
1294,2494.2143953308605
1295,102.38614344556416
1296,47.73937773228185
1297,168.16171132174287
1298,36.37062766852675
1299,118.74797756236535
1300,64.27962205234377
1301,39.346540687138926
1302,48.64128864457247
1303,61.525094276821264
1304,570.5182326545801
1305,35.38507048286668
1306,68.2471853546643
1307,62.688171235357984
1308,47.81113236767867
1309,57.070357182079604
1310,61.58816766937679
1311,446.2465402657873
1312,37.08156359748523
1313,149.6864559121459
1314,60.42156481929365
1315,56.135189798673146
1316,52.106658161253094
1317,74.2251695332943
1318,48.07017222857866
1319,116.09064153346354
1320,44.97750810780532
1321,413.4057690899266
1322,69.70616224996391
1323,64.57134569810586
1324,107.04225366916725
1325,117.14255739716646
1326,51.79482641539214
1327,77.664351204605
1328,107.74366958092038
1329,66.94924619431431
1330,127.44538938146414
1331,41.68133614645781
1332,202.24079273807195
1333,48.838267572230116
1334,50.817953308861476
1335,78.30224017221977
1336,77.50475744054702
1337,70.42743031373536
1338,184.42409287204555
1339,33.783929137709485
1340,64.16049059284177
1341,169.78814908585446
1342,241.08753576231464
1343,37.17922885317981
1344,64.86551531563526
1345,61.201114585617034
1346,72.76814475597945
1347,83.84331560337603
1348,605.5649914614689
1349,93.56671864186357
1350,80.76587292488422
1351,125.35259356316845
1352,79.63906095173573
1353,86.10747711242418
1354,55.046950177389334
1355,33.57682465154424
1356,227.32519442034982
1357,49.07187044510265
1358,74.7005136842241
1359,40.886954132727965
1360,76.2001964026513
1361,79.87414468901923
1362,64.25005691404978
1363,92.2746190116012
1364,35.72005134169376
1365,77.55951764701364
1366,85.5595725782048
1367,50.329370350972695
1368,51.358473045684796
1369,25.736551308745746
1370,170.36942080314768
1371,98.67517107187084
1372,54.08825980338146
1373,64.4606362680633
1374,122.87397899769391
1375,91.60657513612354
1376,132.22068793522863
1377,56.40909124385173
1378,118.7943531471887
1379,53.65005390314232
1380,74.03472475996458
1381,103.7634728226042
1382,106.91971911576456
1383,153.73668056488202
1384,159.54846415520615
1385,467.53668854168893
1386,61.71295423673477
1387,124.27542778641995
1388,41.6768249287965
1389,77.23188854625703
1390,212.51448616737798
1391,241.76785631489986
1392,63.713702710696865
1393,139.8908879210827
1394,32.729788029213324
1395,38.70487991569577
1396,244.63643041104388
1397,55.38657246673415
1398,65.42921961298593
1399,58.88608609728817
1400,28.953298905664013
1401,67.53823069928225
1402,53.33079104002824
1403,55.943247876256706
1404,284.2239028843291
1405,280.62120871512917
1406,159.06083241872147
1407,44.77587794541304
1408,56.28512756054386
1409,70.2794245234005
1410,202.71285156520435
1411,52.79588355283881
1412,57.51212996152576
1413,52.15243913982844
1414,48.204185533892264
1415,246.38326521460948
1416,71.76414435579082
1417,77.59423601819603
1418,412.61954675422004
1419,132.8817242580926
1420,71.06705097877963
1421,57.393863048993154
1422,51.893934222323836
1423,76.26351353501336
1424,108.69525142667
1425,47.8684118781417
1426,111.05773105173267
1427,47.813805342868534
1428,61.64063685730639
1429,92.72518615833303
1430,50.24472414887025
1431,34.35065870820688
1432,53.149342658097694
1433,75.08342054830221
1434,62.80682875001527
1435,42.947698283432935
1436,36.07282674908001
1437,72.7722493059259
1438,125.3496434872184
1439,461.7880729707402
1440,138.29559321058852
1441,60.639978971085036
1442,79.80574247395339
1443,54.15592680238994
1444,80.25397401464748
1445,115.07869370747547
1446,78.14807924539802
1447,68.78171072047874
1448,191.70044221893255
1449,62.88415853172097
1450,119.73377120232419
1451,444.47509459346725
1452,103.13874103232196
1453,80.2896145950278
1454,100.76251975578644
1455,91.71522792037067
1456,80.94708562751183
1457,58.083759086412
1458,331.99095335168744
1459,62.60455517647383
1460,142.71426942820847
1461,43.073546373084596
1462,330.0272396371854
1463,37.140985122729205
1464,90.55805929249574
1465,1014.34979288498
1466,45.35090250274486
1467,55.843189875704084
1468,232.52907577020034
1469,72.77685361437288
1470,60.66175543316857
1471,77.03031865493642
1472,56.22670523577066
1473,79.43442954086255
1474,58.05775643149322
1475,181.27232953599855
1476,698.1873318636121
1477,57.512239763270614
1478,67.08782576208861
1479,86.06705293881753
1480,46.225812808501274
1481,30.85094365404477
1482,50.25388615387325
1483,70.87169133339677
1484,58.49106740593997
1485,47.71405892758061
1486,111.3423840581362
1487,81.75996542885579
1488,109.02445738703207
1489,48.82664857999431
1490,55.57856306415857
1491,537.4524894248991
1492,49.40196866486059
1493,162.8349272141855
1494,196.91315445617317
1495,108.9602360588551
1496,145.67007453441266
1497,62.49131208787912
1498,118.74797756236535
1499,128.2346341598792
1500,108.5160679071846
1501,72.64178439303257
1502,2401.6683312611244
1503,44.29425188953172
1504,137.4934193304848
1505,56.321747438054096
1506,477.76227688427736
1507,83.9584693105795
1508,59.26025617021541
1509,388.5722124331881
1510,80.32450896379974
1511,146.01023105805825
1512,60.75013700791521
1513,166.8068436416329
1514,52.45258904589008
1515,54.653285334642334
1516,61.50816156517598
1517,214.2905536046669
1518,335.90276777218526
1519,64.37865566482553
1520,47.05008850409879
1521,60.08280421636137
1522,96.38846884620199
1523,698.5898652318688
1524,601.3893197878
1525,118.8763882910186
1526,64.16049059284177
1527,178.4391942916743
1528,65.67838938206444
1529,97.73217605166217
1530,50.520294486060266
1531,63.13721040846818
1532,49.97749940498201
1533,55.94850714847122
1534,268.93041818238953
1535,301.32280076118053
1536,81.23444227393746
1537,57.15014732298137
1538,58.88608609728817
1539,50.568752077758845
1540,58.32851730337592
1541,111.01745918279047
1542,43.530022084325665
1543,111.5245812036249
1544,341.9337073678492
1545,33.533267599764734
1546,99.60832453217182
1547,60.87745896098923
1548,42.923909323011685
1549,76.4571747521785
1550,47.64077299488888
1551,54.67888606854321
1552,226.24239714088003
1553,99.89193321345294
1554,403.09035502532043
1555,68.94779466971387
1556,105.80006184777284
1557,52.49574767699548
1558,48.02602706471066
1559,38.00771533838402
1560,83.92449345982773
1561,72.11912898391185
1562,285.0181734717263
1563,94.36789344217699
1564,466.74011103167004
1565,50.515573923261925
1566,41.51844418018704
1567,76.18801079279095
1568,121.6906746488722
1569,388.17635585485993
1570,71.24949978578283
1571,117.48729286550706
1572,108.22951640054373
1573,219.90292201013273
1574,62.068133421949554
1575,83.05321778051301
1576,60.43255958323738
1577,81.01660006334673
1578,98.75655217334213
1579,62.86030484950557
1580,71.77352346503318
1581,132.81681319510815
1582,99.42244344483426
1583,104.37311206125901
1584,87.71712850270887
1585,489.87803940492347
1586,718.9038585438665
1587,75.2217314689776
1588,65.62617911570774
1589,87.97777568916312
1590,252.60582143388388
1591,141.4763861727029
1592,249.58577360406974
1593,93.13351926429391
1594,83.358126396755
1595,295.61305604505367
1596,50.89548316490364
1597,65.19714273950352
1598,56.26769915827718
1599,185.5961015581243
1600,45.904490706532904
1601,81.70650094544308
1602,94.54996236745156
1603,53.34602088948776
1604,161.887094105524
1605,113.50886337453113
1606,50.85770678488177
1607,67.47772508556001
1608,98.87903641010709
1609,160.93563861162903
1610,73.44641963008146
1611,350.33852863054375
1612,34.35065870820688
1613,71.4582302135342
1614,42.532981409929334
1615,88.64451659948786
1616,99.09335228891379
1617,53.220848084521165
1618,682.3356120873283
1619,144.144102718964
1620,101.64578262945179
1621,79.79568408062201
1622,52.31172304752256
1623,334.6248352239307
1624,61.09526969089407
1625,61.84545075552603
1626,96.4712152673045
1627,105.22712350996753
1628,157.72937209994276
1629,33.8601389593837
1630,60.639978971085036
1631,65.65163620859114
1632,122.58441304893621
1633,123.7760440308169
1634,79.54858162923469
1635,63.99242788777055
1636,71.00861227819401
1637,50.22603982529809
1638,108.96692777829745
1639,123.10840361248137
1640,77.77739889707247
1641,60.023070002790455
1642,51.02796368446211
1643,102.34577781476733
1644,473.7312637185943
1645,100.26047587368919
1646,511.664065163976
1647,333.747316024176
1648,53.38701796633421
1649,94.653411670268
1650,71.49120191616451
1651,67.75867863310063
1652,110.49543013577244
1653,53.85564871962529
1654,96.97547662860981
1655,299.1283213245864
1656,54.871122793244375
1657,66.40143884993239
1658,60.3255820232378
1659,183.51194864395347
1660,843.8412671697043
1661,268.46182249697125
1662,100.13740274359442
1663,52.7090465531551
1664,137.19160678868556
1665,62.80682875001527
1666,133.9818727937601
1667,170.16669809659473
1668,37.140985122729205
1669,71.5678006875873
1670,53.79448306621552
1671,56.84961625846559
1672,94.99642728682765
1673,45.354397909278894
1674,99.14482821997147
1675,60.3255820232378
1676,122.2753733311521
1677,63.73414144459441
1678,50.851879212605226
1679,48.84630879260801
1680,106.10453919539634
1681,369.339912563219
1682,162.70413068833716
1683,170.7995084322094
1684,131.38221364530483
1685,200.22697557397572
1686,36.07282674908001
1687,53.91363202315924
1688,191.79907117722323
1689,49.573887062170016
1690,42.923909323011685
1691,68.2471853546643
1692,68.52686590988192
1693,60.3255820232378
1694,52.15243913982844
1695,45.66545052040889
1696,57.00158289611262
1697,333.22395479107325
1698,50.54313798927984
1699,53.729682056601305
1700,76.76139983587329
1701,95.2704745905566
1702,50.148493658406224
1703,165.34958734272087
1704,84.05785925292713
1705,92.63057669927761
1706,66.37589940936074
1707,209.54625410332244
1708,457.39829967364557
1709,51.822658836945195
1710,54.15592680238994
1711,54.33615846410029
1712,68.78171072047874
1713,65.92175041867357
1714,73.91872756959106
1715,83.64376402034937
1716,52.193657174622004
1717,52.45258904589008
1718,99.31416010150068
1719,51.18415663649029
1720,62.18913344406595
1721,47.196104549074676
1722,54.567823414321914
1723,46.642518739408956
1724,131.61219262163345
1725,46.426684260787965
1726,98.75655217334213
1727,48.663842888254685
1728,43.162060088902194
1729,149.6864559121459
1730,35.889100573139224
1731,309.3562393155831
1732,103.98957817329551
1733,142.16206549724754
1734,48.624015862165294
1735,76.15545836908343
1736,58.44975678535101
1737,247.77119450641112
1738,140.48293128154748
1739,48.27195565133101
1740,601.4878296914793
1741,51.18415663649029
1742,269.07204736783956
1743,55.336119284795856
1744,96.67132505269993
1745,55.25090719265653
1746,94.37568066987065
1747,171.64583949750647
1748,68.78171072047874
1749,53.398150093812106
1750,39.72568616752575
1751,173.3877879542006
1752,289.871476053418
1753,98.97600161763067
1754,57.92155966910998
1755,110.26819013858137
1756,133.15866317619793
1757,146.73214407692922
1758,197.2289894604794
1759,46.08859918833144
1760,96.98109394732171
1761,796.4959155194022
1762,107.81789003504254
1763,164.7431810493009
1764,117.33956639771066
1765,49.57958240429193
1766,317.038812184828
1767,753.7762831889517
1768,66.4609830597816
1769,161.2279289145315
1770,106.62428934782093
1771,55.3564336753829
1772,94.1276557060153
1773,292.21361183412796
1774,75.46057637421849
1775,121.6613514330007
1776,55.76848776331867
1777,105.11312518135573
1778,78.6232375994257
1779,17.404227018924146
1780,75.32984883874815
1781,112.17904387301178
1782,206.74408911864856
1783,57.73338686250422
1784,139.97970033771878
1785,47.53280809640191
1786,50.59200416377962
1787,94.36789344217699
1788,75.34254935150132
1789,115.96576758208249
1790,44.22375883600401
1791,81.86156890431681
1792,62.411040107000396
1793,40.355649699735814
1794,134.39795401019245
1795,44.358474701166095
1796,69.48322094761582
1797,46.616363782947
1798,57.28839080937526
1799,61.37611711352298
1800,82.21100649209986
1801,217.49493704834663
1802,81.33557400176927
1803,43.665104746713624
1804,551.4172201055438
1805,32.36595533012661
1806,176.29137882441705
1807,25.14298900088062
1808,53.288561154656875
1809,32.512977844773545
1810,31.740343162963995
1811,145.06835064369903
1812,115.96576758208249
1813,256.1294868435715
1814,71.5853141412146
1815,40.996084997903864
1816,90.38740281601721
1817,142.4414318282219
1818,67.71873380820483
1819,113.73324076490945
1820,111.53476107269279
1821,59.26708028640938
1822,48.39376378959163
1823,119.84976034566512
1824,217.47833440510044
1825,295.6498277578763
1826,63.58210744988432
1827,73.88843291076469
1828,142.77605497462864
1829,233.57616558657247
1830,405.2804478242663
1831,293.157854350542
1832,51.7026475814107
1833,526.4371772829945
1834,72.0299928725785
1835,123.26670665223477
1836,401.7713265811705
1837,91.27324311365612
1838,60.374130334675755
1839,405.190777660253
1840,48.24338672524
1841,62.435197841241546
1842,90.32935015003847
1843,80.50631087026959
1844,57.22011532429185
1845,53.809119417555124
1846,62.435197841241546
1847,125.23151463847668
1848,91.86967996091249
1849,302.4613327645813
1850,54.303369170352134
1851,61.00397635626144
1852,101.5700761021044
1853,727.0800119146454
1854,158.64227025522246
1855,99.87980991107821
1856,89.57401719628459
1857,75.65006556533578
1858,39.10033670564248
1859,44.43438481022612
1860,41.45516560238095
1861,38.85650857570859
1862,107.87738430347086
1863,89.82008668841017
1864,107.59101195595521
1865,202.85647889793194
1866,80.23783545660638
1867,331.99095335168744
1868,55.336119284795856
1869,52.850502464228384
1870,52.56780390274285
1871,68.78171072047874
1872,43.22115154192224
1873,102.58318457368755
1874,89.8797000123041
1875,56.03358852052362
1876,57.46371045629787
1877,101.94202199177451
1878,89.8797000123041
1879,34.26890771646333
1880,196.93970468969616
1881,46.51147482395642
1882,48.4319087957774
1883,92.28668893823952
1884,40.305115880595324
1885,40.62905905537971
1886,124.19131138887
1887,77.03031865493642
1888,46.40886900048767
1889,61.07626502279874
1890,47.38366464348447
1891,139.28458094538448
1892,99.01410889152429
1893,740.3445948841448
1894,484.8579475756781
1895,72.26784760066055
1896,99.01410889152429
1897,25.736551308745746
1898,64.18110177644942
1899,55.24680098109968
1900,58.215051186487344
1901,108.93168167824996
1902,56.275862801531204
1903,60.95906370212515
1904,43.82409154920087
1905,61.800832032255826
1906,44.14696700454073
1907,59.48916466691726
1908,49.02601531903117
1909,686.7856163433455
1910,51.14492894041876
1911,66.94924619431431
1912,345.67576316818656
1913,36.97343727104314
1914,58.31338928292508
1915,51.04207524336829
1916,175.64699680570254
1917,47.139468894684086
1918,135.04652870345538
1919,116.14821216639793
1920,73.15710868269713
1921,51.04572821503406
1922,34.35065870820688
1923,83.0839325244083
1924,206.03175104256388
1925,37.168149173735245
1926,251.87491998956313
1927,39.656907722281076
1928,32.97363842550498
1929,56.1457283720308
1930,64.04299420178504
1931,169.85996632127777
1932,125.46236183285626
1933,185.65324901417887
1934,78.66299532604299
1935,165.1961962597515
1936,173.82459246407933
1937,69.193803409802
1938,524.8970593767283
1939,154.8683963390771
1940,72.9606475516012
1941,73.53954972354062
1942,118.7943531471887
1943,70.774844445145
1944,103.65918377475677
1945,167.92780669423763
1946,187.63402149813666
1947,41.35986405603599
1948,70.15962514819306
1949,54.16526494309496
1950,41.67717376761827
1951,96.30961461941473
1952,73.21187822819425
1953,52.15243913982844
1954,52.683996447655886
1955,39.528509025828924
1956,146.9182855011091
1957,116.01949899331413
1958,51.1180733656849
1959,34.532226593707435
1960,66.72810270610812
1961,53.65005390314232
1962,63.780254801213104
1963,285.89432311767365
1964,95.29596675089252
1965,64.05625049051434
1966,35.88067493757487
1967,115.05239180987249
1968,91.27324311365612
1969,53.729385751629614
1970,43.165906086987555
1971,608.9020414385694
1972,307.5096834606373
1973,49.73688454654796
1974,38.358286975398514
1975,58.66933111002172
1976,98.87903641010709
1977,66.2993670515769
1978,687.3719799749435
1979,41.68133614645781
1980,47.5221109569798
1981,2398.168253275806
1982,8.811617134623347
1983,85.24172663714543
1984,129.5510910663539
1985,44.149950405024946
1986,48.729674587937694
1987,46.24612092544943
1988,271.8201091960994
1989,251.7499612681109
1990,116.97476052835333
1991,62.614988729295604
1992,135.04694342773496
1993,52.949225001106356
1994,124.97860289324319
1995,241.8154123059952
1996,293.157854350542
1997,34.43770482393631
1998,170.3232163509589
1999,46.97035823203176
2000,124.98276412470071
2001,160.99464812468347
2002,74.96074598193063
2003,46.150959627017556
2004,522.7923724496521
2005,74.86343370799125
2006,60.067303860493425
2007,44.965141408551574
2008,44.14696700454073
2009,50.954377366257845
2010,59.83895297985792
2011,98.06244243678935
2012,63.14663102468714
2013,52.984270187748876
2014,135.95185228196442
2015,160.93563861162903
2016,50.071565125858186
2017,37.65177415101664
2018,62.50225181058661
2019,53.79448306621552
2020,42.535874187505485
2021,89.71188756670918
2022,101.82712562068227
2023,64.08017688835912
2024,37.33194110234676
2025,73.38125751416867
2026,203.400011344399
2027,32.729788029213324
2028,70.368901019789
2029,51.982649723573644
2030,44.77126171982704
2031,57.49821604577245
2032,51.136554037115936
2033,33.11346880798102
2034,29.45492151651281
2035,44.46385973463298
2036,184.36458430796245
2037,124.27542778641995
2038,38.00771533838402
2039,82.08897155480305
2040,213.320308875994
2041,52.1909292863119
2042,90.9713648619977
2043,49.97767455754473
2044,83.04750333781213
2045,55.560696299433054
2046,296.87300834154445
2047,45.94790866038041
2048,109.2120432913465
2049,53.9237676569168
2050,52.245815929727286
2051,52.58633699733247
2052,79.83282283614359
2053,49.859654258315004
2054,42.16199976094086
2055,12.74303183078608
2056,48.805723866650226
2057,67.96117612514007
2058,86.99906814745479
2059,74.39209679065507
2060,68.75794559254264
2061,58.90619836759241
2062,45.25662490616092
2063,61.32100801849671
2064,52.11620500284636
2065,156.7144070057347
2066,50.80489247110863
2067,88.50579129318274
2068,103.7454494296826
2069,98.50196542855315
2070,86.46174961626923
2071,92.53836982626322
2072,66.94924619431431
2073,57.29734030779822
2074,53.23999900492804
2075,86.49610395004132
2076,89.8797000123041
2077,25.592017686684528
2078,51.623584980246356
2079,36.190738231656916
2080,35.74008422473983
2081,114.12357956340648
2082,70.78462983621723
2083,707.4604594772535
2084,53.809119417555124
2085,84.23678023985426
2086,41.66554162801978
2087,98.33898911347751
2088,57.06345431605783
2089,62.16951224407073
2090,69.93324955715951
2091,46.41286474769264
2092,69.89156197100706
2093,159.9673413728439
2094,4800.875198384549
2095,55.91398681498721
2096,40.71222458917817
2097,69.70616224996391
2098,111.41636490885523
2099,121.9878329549948
2100,61.89314602855197
2101,55.47767957117074
2102,782.6674986186135
2103,97.22017871122144
2104,38.00771533838402
2105,635.3277991584476
2106,74.58174163791591
2107,122.99236447038616
2108,85.6617608353444
2109,53.05435951612802
2110,51.42345791623735
2111,77.9536250063061
2112,65.63100970709291
2113,63.32783290282297
2114,66.59539258724902
2115,60.21114686047696
2116,75.59832206504896
2117,32.34111183312182
2118,51.50444529280392
2119,83.17316304707671
2120,274.3163065630904
2121,88.04708467864428
2122,612.4414332453738
2123,49.24802224630095
2124,42.4615392933663
2125,164.5167175580945
2126,48.686350899597954
2127,64.31647982384203
2128,64.05625049051434
2129,84.62618517312988
2130,48.72452528049814
2131,265.2557730548055
2132,42.535874187505485
2133,196.98358091445436
2134,60.26438177999752
2135,42.26814001663401
2136,118.74797756236535
2137,348.97786157910156
2138,78.8843086171107
2139,76.14261423393961
2140,47.23287983855084
2141,64.51025553058682
2142,104.6002296740788
2143,70.44486393594917
2144,79.07039950442014
2145,290.63872759028425
2146,70.64675278932052
2147,62.29562928821764
2148,412.61954675422004
2149,34.98691352865895
2150,61.18391545587775
2151,55.80300271398872
2152,101.07537633705041
2153,92.67603880867223
2154,56.38074858992745
2155,101.27371513410544
2156,394.5342255966871
2157,45.868561334654416
2158,191.823370121913
2159,93.48331314724751
2160,52.78292932915602
2161,109.59459921388833
2162,65.06765418842873
2163,46.48082046429778
2164,31.5260462140931
2165,229.1034478855716
2166,76.83102213806056
2167,45.346392542762715
2168,463.8864595133687
2169,37.824424274265155
2170,56.61759014107152
2171,50.42959277520552
2172,50.75715135503073
2173,205.99716138649802
2174,40.2641868706569
2175,124.89365989445778
2176,48.71863707054467
2177,50.26742731160229
2178,118.8763882910186
2179,464.133143719489
2180,49.66573361312611
2181,119.03206838447633
2182,41.30807205992767
2183,62.939843571515695
2184,63.956714470005195
2185,149.51865561281733
2186,41.829438137183544
2187,38.7139925720411
2188,57.82906533292926
2189,118.66422855873043
2190,380.3331032380869
2191,121.51343876665689
2192,41.46839950131978
2193,60.53690184599401
2194,73.91872756959106
2195,118.74797756236535
2196,30.975523735020772
2197,37.97305660311986
2198,50.8495256697787
2199,104.0476847965019
2200,66.2807459818729
2201,94.25858264028426
2202,67.20926205457182
2203,117.36311642200505
2204,65.67029718328136
2205,181.27232953599855
2206,61.443416226449045
2207,56.63964434318086
2208,160.33533724103359
2209,41.719890406151805
2210,95.18165674082654
2211,84.31396462210468
2212,43.08769734295724
2213,173.70958139542205
2214,74.64552896355472
2215,41.18334294420846
2216,428.3467350064345
2217,402.72996815692204
2218,75.70824595019653
2219,42.75785029827419
2220,84.65683548789005
2221,75.1805496712632
2222,274.22705052017625
2223,44.62058913927615
2224,49.62041087431916
2225,48.86550076807732
2226,29.407589512649977
2227,106.17222067068684
2228,155.8963865292679
2229,75.99400123921082
2230,68.73552733288905
2231,48.69074186970472
2232,51.31739083150501
2233,62.74561780169235
2234,65.92150518594082
2235,52.193657174622004
2236,290.044816095139
2237,63.05598441336197
2238,58.9108614706325
2239,43.918131219846074
2240,33.44180743141905
2241,107.53587396102483
2242,85.90763200699386
2243,56.185946503812005
2244,48.261980367422794
2245,27.566362114390394
2246,78.41029764336142
2247,75.34254935150132
2248,66.96448949962982
2249,2818.5613254873424
2250,49.741064926071886
2251,35.74008422473983
2252,55.78294066396049
2253,122.94937589966595
2254,64.57134569810586
2255,197.92633374985797
2256,65.19714273950352
2257,31.44867379159141
2258,185.36389049597017
2259,47.840107840404
2260,61.93565625979177
2261,149.6182142499108
2262,43.02214852714951
2263,61.70114338830046
2264,161.33932972664678
2265,86.07134256251821
2266,52.15243913982844
2267,80.15293743122976
2268,101.30301745342294
2269,35.07664290205518
2270,152.68528668248456
2271,144.7886673794854
2272,70.87169133339677
2273,71.94300375084113
2274,44.22375883600401
2275,121.17741501673505
2276,56.701395765639006
2277,100.32662704110483
2278,66.9896287126713
2279,227.72345471336365
2280,56.45137027890746
2281,77.03031865493642
2282,90.16266514994298
2283,53.417978649441594
2284,40.840711711446765
2285,90.27621871725944
2286,96.42800858320838
2287,70.87169133339677
2288,51.98294365011918
2289,300.8370194973487
2290,61.09526969089407
2291,100.3064898856238
2292,71.10079915584981
2293,39.663615064749976
2294,285.20048635974234
2295,339.3656817663369
2296,75.34254935150132
2297,79.88732430100721
2298,167.90378810019808
2299,93.66417352645568
2300,69.50757454675743
2301,52.43972056136034
2302,52.15243913982844
2303,66.96448949962982
2304,65.83572167183058
2305,111.05773105173267
2306,43.10913187339358
2307,166.06818010686936
2308,118.20399865648818
2309,76.29535630194786
2310,405.99520188410855
2311,288.33820234120316
2312,29.719901709552474
2313,161.00563184807015
2314,242.6870104551748
2315,341.5577328029695
2316,97.59640992495503
2317,127.05583715269594
2318,82.08897155480305
2319,92.2746190116012
2320,77.56416247795438
2321,64.40343553590019
2322,133.9818727937601
2323,1002.5689263769974
2324,88.84557108983051
2325,57.17832589379457
2326,84.58374873058496
2327,323.5890834316688
2328,78.13017904664443
2329,107.13656008338002
2330,60.764515787868405
2331,28.139064610431276
2332,52.15243913982844
2333,99.52493103628748
2334,113.3688462283862
2335,449.1420934665749
2336,94.04464151458285
2337,45.91229006775106
2338,45.53904073779633
2339,143.68040340265946
2340,75.61202924192602
2341,409.66538615132555
2342,72.76814475597945
2343,334.50438139877195
2344,42.57219460164842
2345,59.934328415464606
2346,78.55406998876519
2347,99.08827579120994
2348,56.26769915827718
2349,52.445072066518975
2350,76.58456111476899
2351,36.17802716418248
2352,126.36602170505438
2353,45.38617506706896
2354,75.09464058181722
2355,97.09067888555155
2356,291.4791223759446
2357,34.519295667806205
2358,139.76843397382203
2359,289.871476053418
2360,1042.6012314993995
2361,164.36197450808123
2362,27.373602151863537
2363,58.58751968177246
2364,53.4096871487132
2365,28.52151506283991
2366,645.4500746976589
2367,38.58673330431267
2368,53.74557950711264
2369,79.94968991375588
2370,53.79448306621552
2371,75.35605772626353
2372,53.352202092668335
2373,135.22181301675323
2374,58.596760475320124
2375,51.25856446928778
2376,521.2800026911954
2377,334.54412617943973
2378,57.2368827811671
2379,102.52558829792005
2380,75.33217512197302
2381,69.9843255084219
2382,411.34101902206686
2383,52.29018747557025
2384,1256.7408678979589
2385,96.97547662860981
2386,109.64730209539988
2387,99.39625255734936
2388,134.76946838556464
2389,122.99236447038616
2390,80.23783545660638
2391,51.68015904653522
2392,211.41408321352066
2393,74.27908746252828
2394,65.24339712404984
2395,108.24219186063902
2396,62.01115211453195
2397,690.0402747427975
2398,53.51089318066789
2399,29.69874747732443
2400,84.3023890955871
2401,90.32135810881084
2402,51.756126203000115
2403,299.04049809710915
2404,261.6640396962495
2405,232.93429863803766
2406,48.69308695675382
2407,108.19343365585641
2408,110.21043450766402
2409,305.53131259527646
2410,88.06040663957961
2411,97.80071117461742
2412,501.85569353742795
2413,82.2571895982719
2414,96.18715660889299
2415,49.24247290350208
2416,73.70864348186427
2417,506.34074251683694
2418,89.8797000123041
2419,74.80957340164738
2420,45.055807587539334
2421,47.684007213554004
2422,41.6768249287965
2423,61.443416226449045
2424,159.56160408937012
2425,256.5892556019662
2426,324.0744203046273
2427,64.03654138187319
2428,340.1605388732656
2429,77.25459902968205
2430,72.77659981177294
2431,69.7881210829795
2432,96.43324473078643
2433,44.14696700454073
2434,52.08787298781372
2435,658.08005325587
2436,109.75997583796843
2437,134.107352094355
2438,60.97857698744315
2439,103.4461550821419
2440,65.64074545306626
2441,55.163283690400235
2442,47.44769736038559
2443,62.429413548177905
2444,156.7144070057347
2445,328.77136077509067
2446,219.80188969979804
2447,43.114449914136486
2448,126.52130587230172
2449,560.2044758173213
2450,117.02140976394968
2451,58.571177351736935
2452,51.31739083150501
2453,99.09294326349415
2454,165.32519275829043
2455,39.54702963969086
2456,40.12512259820245
2457,77.0085460519576
2458,328.88717327776
2459,48.11032263579658
2460,86.49610395004132
2461,262.0496028312914
2462,167.71449655155743
2463,266.2411112227932
2464,86.06940293015968
2465,63.91638555323525
2466,222.87254773183162
2467,41.28629466559297
2468,84.75441108475486
2469,274.7706915740776
2470,192.86778222503182
2471,147.64808813016703
2472,34.96523590760012
2473,142.26278841071792
2474,298.557816723523
2475,98.06550711354842
2476,73.96467392814958
2477,91.80934276182987
2478,65.01383741129948
2479,66.4731031146919
2480,98.33898911347751
2481,511.42134324324746
2482,251.76828805265274
2483,167.59191483547562
2484,62.554879693411195
2485,73.16354428152182
2486,64.39947749052664
2487,47.92295943017494
2488,161.32730532018212
2489,111.41636490885523
2490,77.81883563924107
2491,52.19754801369029
2492,99.09294326349415
2493,295.6498277578763
2494,157.1681702897954
2495,78.28385962850878
2496,240.67110881143157
2497,69.60615007090455
2498,41.02505256409299
2499,88.95678261370463
2500,51.66107662450489
2501,162.29059648324773
2502,74.71730165102825
2503,45.43413206932449
2504,418.29368411291097
2505,108.92557208769298
2506,108.34629802291651
2507,34.18288994113665
2508,47.28416889673181
2509,104.32228791511277
2510,82.32192517252889
2511,93.16653682291475
2512,118.7237653147096
2513,83.92147668456926
2514,127.49326719667377
2515,146.88981551571194
2516,138.51110932299463
2517,43.991593780311284
2518,63.64233800695464
2519,109.88400857295994
2520,282.17182104583696
2521,118.77811955412447
2522,129.8266757728097
2523,74.01384933897832
2524,71.68786611488039
2525,68.59732982972783
2526,34.632322029256315
2527,53.11933093851336
2528,44.12147401141189
2529,195.4168347229965
2530,58.368306802439605
2531,196.11134479914733
2532,139.22235360180923
2533,54.34458999489442
2534,199.9114110228514
2535,205.99716138649802
2536,95.82005900678685
2537,53.07365872383337
2538,245.7446481740846
2539,143.90286985096174
2540,63.45484765124331
2541,62.26782620984483
2542,60.3255820232378
2543,98.87903641010709
2544,48.26505388217612
2545,203.82664830090908
2546,47.952365661102334
2547,32.78704671107349
2548,186.452771625021
2549,123.23547381565089
2550,75.33217512197302
2551,59.540273294468065
2552,90.9650367687345
2553,56.13039136666134
2554,47.5201099354538
2555,206.8137982312075
2556,60.97387202608477
2557,47.744071127663844
2558,56.304107938931665
2559,70.59883769609381
2560,41.07755237627957
2561,75.08364544953622
2562,288.6853106630261
2563,67.83311270942097
2564,76.45607311443001
2565,56.376329099659074
2566,227.1562162488139
2567,70.84007482934732
2568,64.57134569810586
2569,52.95286829800415
2570,51.33653837452914
2571,88.48480644201403
2572,62.122479699409446
2573,40.00370528048384
2574,414.7980625090198
2575,58.215051186487344
2576,303.6638461815992
2577,57.66239144531629
2578,205.5007122576783
2579,55.63899343639166
2580,80.67825874729222
2581,72.84174271250815
2582,44.817792711302076
2583,149.0382547368627
2584,81.62985391652464
2585,118.77811955412447
2586,31.132036091005276
2587,69.8825730198319
2588,52.82983110196709
2589,71.78729653992913
2590,93.15553619134444
2591,50.827885371854585
2592,422.9818414727392
2593,116.31438899983374
2594,54.86917531478507
2595,242.6870104551748
2596,73.65211358865689
2597,21259.781030506572
2598,37.124596702213466
2599,73.21360989103935
2600,79.59790915990642
2601,136.14385557996988
2602,41.374293775763576
2603,66.30443025730953
2604,208.25540223799732
2605,119.33516046699602
2606,318.1556727359316
2607,38.85650857570859
2608,89.08294140870967
2609,462.46977261981937
2610,28.8852534384593
2611,138.07349543751855
2612,92.76870932090267
2613,58.50583682753606
2614,44.57471074645304
2615,201.35949953941963
2616,726.3629622190076
2617,213.65016483147843
2618,47.74997904018518
2619,25.524841528817532
2620,49.80835309286099
2621,92.60655469055477
2622,55.53345351352891
2623,246.78090327135442
2624,165.92717093100794
2625,104.88703637041098
2626,82.08619565182575
2627,64.57134569810586
2628,54.75138744707158
2629,32.49532920437217
2630,147.3841286408957
2631,57.15014732298137
2632,78.42515233907574
2633,87.10329136270028
2634,269.1102564087289
2635,60.32205992059292
2636,72.1836370639861
2637,82.45819526479946
2638,87.80515805031395
2639,64.95791592691828
2640,254.71816425579834
2641,86.85124379365952
2642,156.44522705745618
2643,64.22312996631827
2644,146.82757975904536
2645,68.57300522650219
2646,75.6713685309989
2647,114.790602399141
2648,56.97680376039645
2649,41.565560620794585
2650,66.20836501652296
2651,51.18415663649029
2652,54.0760515044265
2653,62.30557707442989
2654,351.05950360513816
2655,321.08675478034394
2656,109.7167762946028
2657,50.46002059578915
2658,237.48892004728884
2659,48.226426561301935
2660,206.82015137312163
2661,118.77811955412447
2662,64.57134569810586
2663,113.65182694916612
2664,95.04822756351527
2665,74.28559688997224
2666,75.8501819024175
2667,240.85496174658613
2668,30.893179158682585
2669,128.40880436860186
2670,63.9166443952888
2671,68.0443689099187
2672,126.47765254463818
2673,51.66680988702308
2674,100.5521417702395
2675,95.0947138978789
2676,321.9832852358626
2677,452.02422441362364
2678,58.49575265033599
2679,61.385770137955724
2680,1513.35486584024
2681,398.7322542628373
2682,38.00771533838402
2683,47.16385113100789
2684,136.8316117987802
2685,83.03228649096494
2686,75.2850446156233
2687,438.3518460630197
2688,143.74395564108238
2689,78.66820095226646
2690,51.858178439021515
2691,98.36188650972868
2692,26.13982979611186
2693,36.76648101606939
2694,140.95059181471973
2695,45.30050368262759
2696,77.89388255458691
2697,63.32414919413924
2698,38.72773871724066
2699,497.48250630108345
2700,68.3443051247644
2701,50.721653803513064
2702,322.2112519224821
2703,68.2471853546643
2704,61.51616636283739
2705,100.78138058102118
2706,21.029831828545376
2707,658.737892027872
2708,62.86030484950557
2709,47.284586519269645
2710,407.0190185511336
2711,61.62396575217249
2712,48.19361072151976
2713,55.701090795249016
2714,358.49603877515943
2715,44.213488145418026
2716,91.80934276182987
2717,39.815339285939736
2718,272.6634426578764
2719,118.75581420075761
2720,37.28854462135382
2721,108.34629802291651
2722,20.054493571415236
2723,6774.322086005591
2724,125.23151463847668
2725,91.1661505378079
2726,113.24401576245046
2727,75.40824542854581
2728,41.565560620794585
2729,68.78171072047874
2730,43.14680903408877
2731,441.848906839584
2732,61.166244505776035
2733,83.87928260243788
2734,100.51986031295148
2735,275.0452069098986
2736,51.18415663649029
2737,57.55654983225702
2738,135.92252238934336
2739,55.28550791403239
2740,556.8767532520518
2741,74.30749125594393
2742,646.2525855061003
2743,98.99974129414576
2744,55.55003593965684
2745,32.23903090742063
2746,44.53011565972888
2747,140.29245868178054
2748,46.500326803324214
2749,307.6535846031602
2750,73.77999740539234
2751,504.6790513505164
2752,262.5733028268002
2753,93.33993886234161
2754,62.67215232991301
2755,80.31487071245738
2756,53.398150093812106
2757,101.70431364730797
2758,333.44390317489047
2759,613.2976106552155
2760,163.4703001328461
2761,62.711414029417696
2762,190.9219427765908
2763,52.83516455918253
2764,57.07189863457411
2765,188.93690256910162
2766,41.12317661442141
2767,115.2189323972425
2768,58.476592678942595
2769,52.488817813565326
2770,61.842665822737395
2771,333.29765855880015
2772,110.29567786760092
2773,37.57456421194983
2774,44.47320783769742
2775,108.8092930133961
2776,97.5104148355972
2777,37.78522881153465
2778,78.31512224297413
2779,63.41385624067735
2780,81.35644684472099
2781,105.66940416255446
2782,57.854021311000565
2783,46.82580098470785
2784,77.55871979496513
2785,836.3959989154595
2786,125.47433882952538
2787,179.0174149356511
2788,61.856719747438916
2789,52.42604844888619
2790,44.98379610664449
2791,61.75466439592259
2792,66.03382688932939
2793,107.81813588034854
2794,43.22115154192224
2795,52.00524661373272
2796,123.63503182268127
2797,53.35134789270207
2798,55.63734375274744
2799,50.99552057824053
2800,122.21685634122355
2801,121.3092669855877
2802,97.28149478047453
2803,272.26798871514046
2804,47.05008850409879
2805,110.48021865175939
2806,110.99137336489744
2807,88.75619282580749
2808,32.794895660850216
2809,46.62336829499698
2810,92.2746190116012
2811,113.73324076490945
2812,114.84275342303673
2813,263.86700698552687
2814,102.6523038859609
2815,49.5001470367133
2816,139.55580060897188
2817,1013.7223305357096
2818,143.88912168839192
2819,69.27433810289938
2820,81.23835547069409
2821,60.83676793176208
2822,85.94499019346895
2823,405.27224822839287
2824,63.62141828876591
2825,330.08624005773015
2826,112.13163817407928
2827,57.10988968099169
2828,247.4173646267929
2829,54.55980817956551
2830,47.87821092763632
2831,55.900105508920085
2832,249.13259075671095
2833,31.575097528955155
2834,57.80469906605056
2835,631.995640189421
2836,551.7321841322075
2837,162.80351004719108
2838,62.11428016957936
2839,120.87571969668898
2840,56.91344640381999
2841,56.185946503812005
2842,94.35751890915833
2843,53.67374084705082
2844,41.63622345852499
2845,68.73552733288905
2846,112.01337834135376
2847,95.26328867041116
2848,59.53478503775331
2849,55.854209601656734
2850,778.9416923311635
2851,56.185946503812005
2852,146.94377849603273
2853,61.166244505776035
2854,63.09801136553046
2855,74.17861117004796
2856,34.890824050708
2857,55.763345176782224
2858,66.16069730617977
2859,84.97160639327772
2860,55.20572874717831
2861,220.86192740770161
2862,127.21222168039225
2863,61.5192696159514
2864,114.03090159744505
2865,56.86653039817246
2866,47.28414875291055
2867,65.10070217820464
2868,62.435197841241546
2869,121.15142298683688
2870,119.21550942088842
2871,78.34370988996633
2872,201.9411349563507
2873,100.57731057513845
2874,56.63857324658194
2875,187.4386775781952
2876,433.8547281391861
2877,127.65470898156147
2878,125.2108089539824
2879,53.919152575414046
2880,92.7639696686665
2881,117.71011728993084
2882,59.977743974723374
2883,78.74109299285263
2884,95.98734953596505
2885,65.1768035536247
2886,452.3563033940293
2887,155.84756180888695
2888,91.46006970850812
2889,50.144699569846836
2890,57.200264168806086
2891,758.1031070571099
2892,233.042158213172
2893,52.02370564162166
2894,48.89646981027205
2895,167.55617500992108
2896,46.645443748786654
2897,98.06550711354842
2898,354.3109340440293
2899,66.65804393334227
2900,713.8498049346209
2901,77.26037646061721
2902,61.27345852579692
2903,65.01383741129948
2904,141.20297004213998
2905,49.24247290350208
2906,51.23594066774638
2907,57.88179962292165
2908,55.63934970991207
2909,94.19041180131896
2910,49.28851264495712
2911,50.147880006798914
2912,84.12725570112796
2913,94.92726256669087
2914,60.97854639571524
2915,63.88825700102487
2916,54.45939271763482
2917,113.20536352461986
2918,342.1547258249214
2919,69.80635127313127
2920,61.504328588811504
2921,65.00175911414198
2922,57.82906533292926
2923,105.00503559197631
2924,59.59746275478955
2925,295.054077920849
2926,97.36160641673092
2927,357.29390296234624
2928,33.095604385689526
2929,76.97817502635095
2930,58.78860355942642
2931,268.440622797553
2932,62.542991123681844
2933,189.92168298238178
2934,124.90883651272433
2935,148.58757410273765
2936,51.18415663649029
2937,269.5870520245469
2938,71.805585204193
2939,62.80682875001527
2940,74.12651898348204
2941,63.941432086780445
2942,71.6852507966889
2943,51.87348071218783
2944,372.6927299994351
2945,98.80005036500091
2946,60.47206763258082
2947,123.22759923924824
2948,162.8349272141855
2949,58.57168884825802
2950,46.54709013146555
2951,85.90763200699386
2952,76.77773767730206
2953,274.9994891116912
2954,168.30282320154765
2955,483.6697585291729
2956,53.151009826800134
2957,34.705647851839714
2958,87.98823404721549
2959,152.62065987836218
2960,93.82765260610873
2961,121.44077260260272
2962,45.9323492124812
2963,100.9653159554929
2964,81.67313644023767
2965,41.52783775396415
2966,66.61584877082444
2967,46.01917864168491
2968,76.96438767306378
2969,123.73037866661466
2970,110.08975831775606
2971,32.56065587496276
2972,57.952605182968306
2973,68.68489099246474
2974,44.14696700454073
2975,14.266279459680746
2976,108.92265218569253
2977,201.72997195702936
2978,91.97968222792377
2979,364.0676430835084
2980,64.57134569810586
2981,53.91589860103806
2982,75.5212292434504
2983,71.0356772678337
2984,54.76812988576209
2985,172.44177318951643
2986,122.2753733311521
2987,62.886232504575645
2988,98.3560115881488
2989,137.79286720248712
2990,57.14683338006759
2991,58.257689312382325
2992,89.28162631144359
2993,331.43703724345625
2994,64.57134569810586
2995,110.77821386326413
2996,58.088455340109874
2997,41.895262465072506
2998,77.26037646061721
2999,282.2338360319164
3000,289.871476053418
3001,78.74109299285263
3002,107.58870772441063
3003,65.73331102024262
3004,24.806796086716673
3005,34.63999395328104
3006,48.42914088706367
3007,43.82409154920087
3008,75.34254935150132
3009,427.9723059093813
3010,103.87763093130829
3011,45.34772776148511
3012,58.63141220956301
3013,64.70776538439229
3014,175.81550443013117
3015,59.585948305686955
3016,72.90128408498306
3017,48.58742568610046
3018,125.3496434872184
3019,347.8589758868246
3020,140.98454409781698
3021,479.9371310299381
3022,93.34807486601038
3023,149.10605260019514
3024,59.20922044096692
3025,1472.171948320218
3026,120.84871422356417
3027,52.8923750070057
3028,68.17457095403134
3029,64.16049059284177
3030,3130.1369600959674
3031,76.28899038688569
3032,158.84205603237308
3033,161.887094105524
3034,712.4495080110486
3035,89.733645735722
3036,73.70864348186427
3037,120.50815930453712
3038,41.9178451086664
3039,46.412338849338056
3040,66.73402559383071
3041,46.780420307078174
3042,48.22505993128712
3043,116.80660155605284
3044,61.09526969089407
3045,93.88747349222517
3046,121.86824496955407
3047,163.3635965594176
3048,258.9245889161903
3049,35.74008422473983
3050,81.13070044876567
3051,113.50886337453113
3052,59.00277770546576
3053,62.12177770426822
3054,67.79716853095621
3055,42.830953091353386
3056,35.65263925459557
3057,84.9078405383926
3058,402.3363656225429
3059,77.25459902968205
3060,56.08886762117306
3061,45.23270123221811
3062,136.96138424273477
3063,62.090423206269804
3064,50.27322650265969
3065,249.51144835443387
3066,39.573549794357525
3067,96.98109394732171
3068,63.713702710696865
3069,75.37640770754389
3070,42.71215119575006
3071,76.7748621192915
3072,109.5248881641251
3073,51.287075094603935
3074,74.44967619845485
3075,80.8159653483528
3076,63.13721040846818
3077,170.426801027405
3078,43.652294046221286
3079,71.5678006875873
3080,246.5232287842445
3081,61.698175952674546
3082,241.5501466602455
3083,58.215051186487344
3084,49.045512497355176
3085,18.568954789074297
3086,243.65135745082927
3087,82.75502013224558
3088,66.29962707290954
3089,118.74797756236535
3090,88.3544947054003
3091,422.8389369187028
3092,158.42626855369548
3093,52.8983821559587
3094,51.026223143805865
3095,82.6326325357915
3096,111.48401829965482
3097,273.16536685941134
3098,47.335003111062335
3099,53.74557950711264
3100,133.16728060333247
3101,307.72721603550104
3102,123.6109364860202
3103,53.44757595072065
3104,158.3897477867855
3105,107.40905440925202
3106,48.08613502025088
3107,45.43413206932449
3108,56.53198592887732
3109,103.1222115164322
3110,45.70042307821657
3111,209.59609392719568
3112,2169.2907732523154
3113,111.53004935456248
3114,402.3254478829778
3115,100.65472991537852
3116,464.79866135633927
3117,65.12635586471498
3118,70.46319936238655
3119,60.541712205825625
3120,267.62399698297736
3121,49.19249523860984
3122,162.0847462065252
3123,55.55003593965684
3124,69.87052954873158
3125,86.3093543152222
3126,79.77247072153192
3127,76.23110742978366
3128,56.331113730862555
3129,89.23501791583413
3130,771.9152544855708
3131,103.8901116054504
3132,44.27168005767764
3133,45.14939574147985
3134,71.92972520417719
3135,495.7595597923476
3136,234.56438082900888
3137,25.736551308745746
3138,134.07396410259105
3139,511.1277136391188
3140,112.56238965835888
3141,58.03271109646032
3142,81.07071847885894
3143,119.39140146625874
3144,242.69493734561485
3145,83.46030095048137
3146,64.05625049051434
3147,51.375812599630365
3148,89.90856022710047
3149,49.53792448506381
3150,145.72674750442752
3151,27.60712940653424
3152,411.85355848923666
3153,67.20926205457182
3154,219.90292201013273
3155,41.275006531030954
3156,71.9431572108451
3157,70.05736683506169
3158,70.66913859961471
3159,37.62755723976059
3160,122.7688380859084
3161,78.21616289892653
3162,205.34302406952048
3163,73.67731760062975
3164,145.42042834045097
3165,102.99588065995229
3166,591.2756351733211
3167,46.09554309770905
3168,125.3496434872184
3169,52.63085645689911
3170,115.8562439565093
3171,90.61905505153834
3172,51.42538847948476
3173,45.547658831258126
3174,64.22777908799614
3175,64.82036682809513
3176,68.11275726492178
3177,130.8287077314331
3178,107.40905440925202
3179,42.427429985626645
3180,410.4674901605443
3181,118.21752808883122
3182,62.29562928821764
3183,60.273252539425734
3184,67.02634686270304
3185,82.31713979352176
3186,50.184096270778554
3187,29.84995871242166
3188,41.091481272773336
3189,57.55654983225702
3190,334.9188073169394
3191,84.95136115683417
3192,57.965104929318194
3193,149.6182142499108
3194,64.57134569810586
3195,239.97691847790588
3196,142.5749462575618
3197,78.41029764336142
3198,46.606456760961805
3199,68.3443051247644
3200,379.77600587933625
3201,238.81298328759027
3202,92.57809378857618
3203,67.85560852664506
3204,104.39807357327535
3205,55.34507907447377
3206,52.799628057593985
3207,51.233035694794836
3208,73.38125751416867
3209,100.60307956999085
3210,62.484625173128975
3211,72.76814475597945
3212,163.4703001328461
3213,179.23234468008715
3214,97.99207454701761
3215,73.10860767588247
3216,54.40364935066351
3217,221.00482914470643
3218,109.39366556898224
3219,61.60247716985275
3220,117.34548451829325
3221,90.62772229618226
3222,318.10976269189644
3223,244.29829350864804
3224,36.60688734940328
3225,344.92442454090946
3226,101.6006729032624
3227,109.02445738703207
3228,59.69494279326022
3229,46.15688410403537
3230,71.56114257031889
3231,488.21904309685317
3232,44.63652541481822
3233,55.768153363665846
3234,56.99815618975036
3235,289.871476053418
3236,52.45258904589008
3237,42.205198239102835
3238,43.06182428159634
3239,41.20241427124553
3240,528.2529829576147
3241,284.2302864762109
3242,95.34195299012873
3243,567.9491222316454
3244,131.81190050362702
3245,107.84163634696193
3246,63.58210744988432
3247,57.15014732298137
3248,22.09462323734168
3249,151.13285408373733
3250,156.28826179022138
3251,153.23254738930933
3252,122.2753733311521
3253,226.56266805302175
3254,73.44641963008146
3255,40.67818080990436
3256,77.89388255458691
3257,110.31902878455571
3258,114.55444942702903
3259,188.52889586564754
3260,128.9776863736697
3261,50.50771230606196
3262,39.95885157202043
3263,283.9616077231046
3264,55.057701317977276
3265,161.8080193345982
3266,282.00205919005583
3267,57.59259142122281
3268,110.73638671464114
3269,174.6711375802073
3270,120.87571969668898
3271,88.3713138293287
3272,83.43628618279635
3273,46.52781609157246
3274,47.870106374356965
3275,68.22907746337214
3276,53.246707904940955
3277,140.45611236443295
3278,72.94925068134617
3279,560.8724720251279
3280,103.87842264234479
3281,49.26953821324969
3282,59.607918771781996
3283,112.43652330831875
3284,165.86693339155403
3285,73.86553163032413
3286,76.93218726856365
3287,85.24172663714543
3288,48.093268940422035
3289,75.78479959023518
3290,73.17260551157571
3291,94.9348193693858
3292,169.9636025225201
3293,47.87174474231125
3294,47.5201099354538
3295,42.861647503269836
3296,412.21044394696054
3297,77.03031865493642
3298,427.58520355690945
3299,40.895059245486586
3300,472.85113681939293
3301,64.57134569810586
3302,78.98088300920301
3303,51.74274917838014
3304,132.9236166950786
3305,85.07820296258716
3306,55.532660595802525
3307,59.77067736760003
3308,58.7780557368205
3309,67.75990465799397
3310,223.25937920905363
3311,90.18798600133648
3312,85.56403472127428
3313,60.91765335766175
3314,70.19288487383065
3315,47.751597409274765
3316,35.28465303957769
3317,63.4363284208388
3318,53.96134377012446
3319,109.11651043886647
